{
    "image_size": [
        1280,
        720
    ],
    "is_fisheye": false,
    "cm1": [
        [
            648.3185424804688,
            0.0,
            647.1538696289062
        ],
        [
            0.0,
            648.3185424804688,
            353.5716857910156
        ],
        [
            0.0,
            0.0,
            1.0
        ]
    ],
    "cd1": [
        [
            0.0,
            0.0,
            0.0,
            0.0,
            0.0
        ]
    ],
    "cm2": [
        [
            648.3185424804688,
            0.0,
            647.1538696289062
        ],
        [
            0.0,
            648.3185424804688,
            353.5716857910156
        ],
        [
            0.0,
            0.0,
            1.0
        ]
    ],
    "cd2": [
        [
            0.0,
            0.0,
            0.0,
            0.0,
            0.0
        ]
    ],
    "R": [
        [
            1.0,
            0.0,
            0.0
        ],
        [
            0.0,
            1.0,
            0.0
        ],
        [
            0.0,
            0.0,
            1.0
        ]
    ],
    "T": [
        [
            -50.11888965964317
        ],
        [
            0.0
        ],
        [
            0.0
        ]
    ],
    "baseline_mm": 50.11888965964317,
    "model": "Intel RealSense D435i",
    "timestamp": "2025-11-12 12:16:21"
}