{
    "position": [
        -0.093700,
        -0.075200,
        0.040000
    ],
    "quaternion": [
        0.012824,
        -0.016958,
        0.313295,
        0.949418
    ]
}