{
    "position": [
        -0.07229495684708592,
        -0.10535550871059936,
        0.0548954032384172
    ],
    "quaternion": [
        -0.032052923130030414,
        0.02703592603844365,
        -0.25858065743157194,
        0.9650791223647521
    ],
    "adjustments": {
        "delta_translation": [
            0.01,
            -0.01,
            0.016
        ],
        "delta_rotation": [
            2.2,
            2.5,
            4.1
        ]
    },
    "timestamp": 1761812358.6983957,
    "source_file": "cam_to_ee2.json",
    "note": "\u5fae\u8c03\u540e\u7684cam_to_ee\u6807\u5b9a"
}